DATE,Open,High,Low,Adj Close,Volume
2015-01-02,103.44,103.49,99.69,101.53,53204600
2015-01-05,100.56,100.9,97.89,98.67,64285500
2015-01-06,98.94,99.76,97.16,98.68,65797100
2015-01-07,99.55,100.48,99.09,100.06,40105900
2015-01-08,101.44,104.15,100.94,103.91,59364500
2015-01-09,104.63,105.17,102.35,104.02,53699500
2015-01-12,104.56,104.59,101.04,101.45,49650800
2015-01-13,103.48,104.75,101.14,102.35,67091900
2015-01-14,101.26,102.61,100.76,101.96,48337000
2015-01-15,102.15,102.21,99.05,99.2,60014000
2015-01-16,99.39,99.9,97.69,98.43,78513300
2015-01-20,100.14,101.19,98.9,100.96,49899900
2015-01-21,101.18,103.13,100.54,101.73,48575900
2015-01-22,102.39,104.44,101.89,104.38,53796400
2015-01-23,104.29,105.63,103.57,104.92,46464800
2015-01-26,105.62,106.2,104.75,105.03,55615000
2015-01-27,104.4,104.45,101.25,101.35,95568700
2015-01-28,109.24,109.69,107.08,107.08,146477100
2015-01-29,108.02,110.68,107.31,110.42,84436400
2015-01-30,109.95,111.44,108.51,108.8,83745500
2015-02-02,109.63,110.67,107.8,110.16,62739100
2015-02-03,110.04,110.59,109.22,110.18,51915700
2015-02-04,110.04,111.91,109.87,111.03,70149700
2015-02-05,111.9,112.09,111.18,111.82,42246200
2015-02-06,111.9,112.11,110.43,110.88,43706600
2015-02-09,110.52,111.73,110.41,111.62,38889800
2015-02-10,112.04,113.88,112.03,113.76,62008500
2015-02-11,114.46,116.46,114.21,116.43,73561800
2015-02-12,117.53,118.85,117.07,117.9,74474500
2015-02-13,118.66,118.66,117.14,118.48,54272200
2015-02-17,118.86,120.16,118.33,119.18,63152400
2015-02-18,118.99,120.06,118.82,120.01,44891700
2015-02-19,119.78,120.3,119.64,119.75,37362400
2015-02-20,119.91,120.73,119.38,120.73,48948400
2015-02-23,121.22,124,120.88,124,70974100
2015-02-24,123.94,124.56,122.29,123.22,69228100
2015-02-25,122.65,122.69,119.47,120.07,74711700
2015-02-26,120.07,122.01,118.04,121.59,91287500
2015-02-27,121.2,121.73,119.56,119.76,62014800
2015-03-02,120.5,121.46,119.61,120.35,48096700
2015-03-03,120.23,120.75,119.42,120.6,37816300
2015-03-04,120.36,120.79,119.63,119.84,31666300
2015-03-05,119.88,120.03,117.25,117.85,56517100
2015-03-06,119.71,120.61,117.71,118.03,72842100
2015-03-09,119.3,120.8,116.59,118.53,88528500
2015-03-10,117.85,118.61,115.42,116.08,68856600
2015-03-11,116.31,116.32,113.84,113.96,68939000
2015-03-12,114.03,116.44,113.4,116.03,48362700
2015-03-13,115.98,116.91,114.28,115.22,51827300
2015-03-16,115.49,116.49,114.55,116.49,35874300
2015-03-17,117.38,118.7,117.14,118.44,51023100
2015-03-18,118.4,120.42,117.82,119.77,65270900
2015-03-19,120.03,120.5,118.78,118.87,45809500
2015-03-20,119.57,119.71,116.69,117.38,68695100
2015-03-23,118.51,119.2,117.96,118.6,37709700
2015-03-24,118.62,119.37,117.99,118.11,32842300
2015-03-25,117.97,118.23,115.03,115.03,51655200
2015-03-26,114.45,116.43,114.3,115.83,47572900
2015-03-27,116.14,116.26,114.59,114.91,39546200
2015-03-30,115.65,117.84,115.61,117.82,47099700
2015-03-31,117.55,117.93,115.94,116.01,42090600
2015-04-01,116.37,116.65,114.77,115.84,40621400
2015-04-02,116.57,117.06,115.78,116.84,32220100
2015-04-06,116.04,118.88,115.91,118.73,37194000
2015-04-07,119,119.45,117.45,117.48,35012300
2015-04-08,117.33,117.84,116.51,117.1,37329200
2015-04-09,117.33,118.01,116.22,117.99,32484000
2015-04-10,117.42,118.6,116.78,118.5,40188000
2015-04-13,119.68,119.87,118.04,118.26,36365100
2015-04-14,118.4,118.67,117.39,117.75,25524600
2015-04-15,117.85,118.52,117.48,118.2,28970400
2015-04-16,117.73,118.5,117.57,117.63,28369000
2015-04-17,117.05,117.6,116.03,116.31,51957000
2015-04-20,117.07,119.45,116.7,118.96,47054300
2015-04-21,119.43,119.52,118.1,118.32,32435100
2015-04-22,118.39,120.15,117.77,119.91,37654500
2015-04-23,119.61,121.59,119.47,120.89,45770900
2015-04-24,121.66,121.79,120.48,121.46,44525900
2015-04-27,123.35,124.12,122.27,123.67,96954200
2015-04-28,125.36,125.43,120.8,121.72,118924000
2015-04-29,121.35,122.68,119.61,119.93,63386100
2015-04-30,119.93,119.93,116.15,116.68,83195400
2015-05-01,117.56,121.32,116.82,120.22,58512600
2015-05-04,120.73,121.73,119.58,119.99,50988300
2015-05-05,119.47,119.75,117.27,117.28,49271400
2015-05-06,117.99,118.17,115.01,116.55,72141000
2015-05-07,116.81,118.04,116.11,117.27,43940900
2015-05-08,118.6,119.48,118.06,119.48,55550400
2015-05-11,119.26,119.42,117.61,118.26,42035800
2015-05-12,117.59,118.78,116.86,117.84,48160000
2015-05-13,118.1,119.08,117.84,117.97,34694200
2015-05-14,119.28,120.72,119.05,120.72,45203500
2015-05-15,120.84,121.23,120.03,120.55,38208000
2015-05-18,120.19,122.38,120.17,121.88,50882900
2015-05-19,122.35,122.53,121.37,121.77,44633200
2015-05-20,121.71,122.62,121.09,121.76,36454900
2015-05-21,121.77,123.23,121.55,123.01,39730400
2015-05-22,123.2,124.49,123.02,124.08,45596000
2015-05-26,124.14,124.43,120.88,121.35,70697600
2015-05-27,122.02,123.82,121.75,123.62,45833200
2015-05-28,123.45,123.53,122.74,123.37,30733300
2015-05-29,122.86,123.06,121.61,121.97,50884500
2015-06-01,121.97,123.01,121.75,122.21,32112800
2015-06-02,121.57,122.32,121.07,121.67,33667600
2015-06-03,122.32,122.59,121.61,121.82,30889400
2015-06-04,121.31,122.25,120.69,121.11,38450100
2015-06-05,121.24,121.42,120.17,120.44,35626800
2015-06-08,120.68,120.97,118.74,119.65,52674800
2015-06-09,118.62,119.91,117.61,119.29,56075400
2015-06-10,119.76,121.09,119.69,120.66,39087300
2015-06-11,120.94,121.87,120.28,120.39,35390900
2015-06-12,120.01,120.14,119,119.06,36886200
2015-06-15,118.05,119.12,117.69,118.82,43988900
2015-06-16,118.93,119.69,118.31,119.46,31494100
2015-06-17,119.57,119.72,118.65,119.18,32918100
2015-06-18,119.11,120.12,119.1,119.72,35407200
2015-06-19,119.56,119.66,118.34,118.52,54716900
2015-06-22,119.36,119.89,118.97,119.47,34039300
2015-06-23,119.35,119.47,118.78,118.93,30268900
2015-06-24,119.09,121.52,119.01,119.94,55280900
2015-06-25,120.64,120.96,119.37,119.37,31938100
2015-06-26,119.52,119.82,118.44,118.66,44066800
2015-06-29,117.46,118.4,116.54,116.58,49161400
2015-06-30,117.56,118.07,116.89,117.43,44370700
2015-07-01,118.8,118.84,117.95,118.52,30238800
2015-07-02,118.36,118.61,117.75,118.37,27211000
2015-07-06,116.97,118.18,116.88,117.96,28060400
2015-07-07,117.86,118.1,115.87,117.67,46946800
2015-07-08,116.54,116.69,114.72,114.75,60761600
2015-07-09,115.95,116.14,111.61,112.41,77821600
2015-07-10,114.16,115.95,113.48,115.41,61354500
2015-07-13,117.05,117.74,116.39,117.64,41440500
2015-07-14,118,118.31,117.06,117.6,31768100
2015-07-15,117.7,119.04,117.57,118.73,33649200
2015-07-16,119.59,120.37,119.22,120.31,36222400
2015-07-17,120.84,121.35,120.12,121.35,46164700
2015-07-20,122.61,124.49,122.36,123.64,58900200
2015-07-21,124.37,124.44,122.01,122.41,76756400
2015-07-22,114.21,117.49,114.21,117.23,115450600
2015-07-23,118.15,118.98,117.08,117.17,50999500
2015-07-24,117.32,117.72,116,116.56,42162300
2015-07-27,115.24,115.72,114.33,114.94,44455500
2015-07-28,115.51,116,114.73,115.51,33618100
2015-07-29,115.29,115.62,114.47,115.14,37011700
2015-07-30,114.52,114.75,113.94,114.56,33628300
2015-07-31,114.78,114.82,113.2,113.56,42885000
2015-08-03,113.75,114.75,110.02,110.88,69976000
2015-08-04,109.93,110.19,106.02,107.33,124138600
2015-08-05,105.74,109.95,104.95,108.04,99312600
2015-08-06,109.06,109.56,107.32,108.27,52903000
2015-08-07,107.76,109.33,107.68,108.64,38670400
2015-08-10,109.59,112.84,109.59,112.59,54951600
2015-08-11,110.79,111.14,106.58,106.73,97082800
2015-08-12,105.83,108.55,103.1,108.38,101217500
2015-08-13,109.13,109.47,107.72,108.29,48535800
2015-08-14,107.51,109.38,107.22,109.05,42929500
2015-08-17,109.13,110.64,108.62,110.18,40884700
2015-08-18,109.5,110.44,109.1,109.56,34560700
2015-08-19,109.18,109.58,107.85,108.16,47445700
2015-08-20,107.29,107.54,104.98,105.94,68501600
2015-08-21,103.85,105.23,99.36,99.46,128275500
2015-08-24,89.22,102.32,86.52,96.98,162206300
2015-08-25,104.49,104.49,97.34,97.56,103601600
2015-08-26,100.71,103.34,98.79,103.16,96774600
2015-08-27,105.55,106.5,103.47,106.19,84616100
2015-08-28,105.49,106.56,104.9,106.54,53164400
2015-08-31,105.36,107.71,105.33,106.04,56229300
2015-09-01,103.59,105.22,100.97,101.3,76845900
2015-09-02,103.66,105.65,102.63,105.65,61888800
2015-09-03,105.79,106.06,103.49,103.8,53233900
2015-09-04,102.48,103.87,102.05,102.76,49996300
2015-09-08,105.09,105.86,103.75,105.62,54843600
2015-09-09,106.98,107.23,103.23,103.59,85010800
2015-09-10,103.7,106.53,103.35,105.86,62892800
2015-09-11,105.13,107.41,105.1,107.41,49915500
2015-09-14,109.64,109.93,108.02,108.44,58363400
2015-09-15,109.02,109.59,107.6,109.35,43341200
2015-09-16,109.33,109.6,108.56,109.48,37173500
2015-09-17,108.77,109.55,106.95,107.13,64112600
2015-09-18,105.53,107.49,105.21,106.69,74285300
2015-09-21,106.9,108.5,106.89,108.35,50222000
2015-09-22,106.63,107.38,105.82,106.65,50346200
2015-09-23,106.86,107.89,106.55,107.51,35756700
2015-09-24,106.5,108.62,105.68,108.15,50219500
2015-09-25,109.5,109.74,107.23,107.88,56151900
2015-09-28,107.07,107.75,105.74,105.74,52109000
2015-09-29,106.11,106.75,101.44,102.56,73365400
2015-09-30,103.61,104.9,102.25,103.73,66473000
2015-10-01,102.57,103.09,100.92,103.05,63929100
2015-10-02,101.58,104.4,101.14,103.81,58019800
2015-10-05,103.34,104.74,102.57,104.18,52064700
2015-10-06,104.04,105.08,103.23,104.68,48196800
2015-10-07,105.08,105.11,102.89,104.18,46765600
2015-10-08,103.63,103.63,101.76,102.98,61979600
2015-10-09,103.45,105.59,102.97,105.44,52766100
2015-10-12,106.02,106.03,104.8,104.95,30467200
2015-10-13,104.22,105.75,104.09,105.13,33049300
2015-10-14,104.66,104.88,103.03,103.65,44462400
2015-10-15,104.32,105.42,103.91,105.2,37673500
2015-10-16,105.12,105.33,103.95,104.43,39232600
2015-10-19,104.2,105.09,103.55,105.08,29759200
2015-10-20,104.71,107.37,104.22,106.99,48778800
2015-10-21,107.21,108.7,106.93,106.98,41795200
2015-10-22,107.52,108.62,107.3,108.62,41654100
2015-10-23,109.75,112.13,109.4,111.99,59366900
2015-10-26,111.05,111.09,108.07,108.41,66333800
2015-10-27,108.53,109.6,107.2,107.73,69884400
2015-10-28,109.97,112.19,109.15,112.17,85551400
2015-10-29,111.63,113.5,111.23,113.35,51227300
2015-10-30,113.78,114,112.34,112.38,49365300
2015-11-02,113.6,114.13,112.49,113.96,32203300
2015-11-03,113.6,116.13,113.51,115.27,45519000
2015-11-04,115.8,116.44,114.38,114.73,44886100
2015-11-05,115.08,115.88,113.51,114.2,39552700
2015-11-06,114.38,115.04,113.92,114.34,33042300
2015-11-09,114.24,115.04,113.38,113.87,33871400
2015-11-10,110.41,111.51,109.61,110.28,59127900
2015-11-11,109.91,110.9,108.81,109.66,45218000
2015-11-12,109.8,110.33,109.23,109.29,32525600
2015-11-13,108.8,109.15,106.03,106.1,45812400
2015-11-16,105.19,107.9,104.84,107.84,38106700
2015-11-17,108.54,108.66,107.03,107.38,27616900
2015-11-18,109.33,110.96,109.09,110.78,46674700
2015-11-19,111.11,113.1,110.28,112.18,43295800
2015-11-20,112.58,113.26,112.25,112.67,34287100
2015-11-23,112.65,113.08,110.82,111.21,32482500
2015-11-24,110.81,112.72,110.62,112.28,42803200
2015-11-25,112.59,112.61,111.37,111.47,21388300
2015-11-27,111.72,111.83,111.07,111.27,13046400
2015-11-30,111.44,112.78,111.21,111.73,39180300
2015-12-01,112.15,112.21,110.37,110.82,34852400
2015-12-02,110.82,111.55,109.63,109.82,33386600
2015-12-03,110.08,110.3,107.88,108.8,41569500
2015-12-04,108.89,112.63,108.72,112.42,57777000
2015-12-07,112.37,113.2,111.27,111.71,32084200
2015-12-08,110.99,112.01,110.37,111.66,34309500
2015-12-09,111.11,111.15,108.69,109.2,46361400
2015-12-10,109.6,110.45,109.09,109.72,29104200
2015-12-11,108.79,108.98,106.58,106.89,46886200
2015-12-14,105.95,106.42,103.69,106.23,64318700
2015-12-15,105.72,106.54,104.22,104.35,53323100
2015-12-16,104.9,105.77,102.76,105.16,56238500
2015-12-17,105.8,106.02,102.93,102.93,44772800
2015-12-18,102.86,103.44,99.93,100.14,96453300
2015-12-21,101.32,101.41,99.71,101.37,47590600
2015-12-22,101.44,101.74,100.54,101.27,32789400
2015-12-23,101.31,102.8,101.25,102.58,32657400
2015-12-24,102.95,102.95,101.95,102.03,13570400
2015-12-28,101.61,101.71,100.28,100.89,26704200
2015-12-29,101.02,103.35,100.93,102.7,30931200
2015-12-30,102.55,102.66,101.23,101.36,25213800
2015-12-31,101.07,101.09,99,99.41,40635300
2016-01-04,96.91,99.52,96.34,99.5,67649400
2016-01-05,99.88,99.97,96.72,97.01,55791000
2016-01-06,94.98,96.68,94.32,95.11,68457400
2016-01-07,93.2,94.57,91.07,91.09,81094400
2016-01-08,93.08,93.61,91.39,91.58,70798000
2016-01-11,93.47,93.56,91.93,93.06,49739400
2016-01-12,94.97,95.1,93.35,94.41,49154200
2016-01-13,94.75,95.57,91.9,91.98,62439600
2016-01-14,92.52,94.9,90.42,93.99,63170100
2016-01-15,90.86,92.28,90.06,91.74,79010000
2016-01-19,92.94,93.17,90.2,91.29,53087700
2016-01-20,89.82,92.74,88.23,91.41,72334400
2016-01-21,91.67,92.44,89.67,90.95,52161500
2016-01-22,93.15,95.83,92.91,95.79,65800500
2016-01-25,95.88,95.89,93.7,93.92,51794500
2016-01-26,94.38,95.28,92.62,94.44,75077000
2016-01-27,90.71,91.26,88.16,88.23,133369700
2016-01-28,88.58,89.27,87.26,88.86,55678800
2016-01-29,89.53,91.93,89.11,91.93,64416500
2016-02-01,91.11,91.34,90.1,91.07,40943500
2016-02-02,90.12,90.71,89.04,89.23,37357200
2016-02-03,89.72,91.46,88.86,91,45964300
2016-02-04,91.03,92.42,90.39,91.73,46471700
2016-02-05,91.65,92.03,88.97,89.28,46418100
2016-02-08,88.44,90.88,88.35,90.22,54021400
2016-02-09,89.54,91.1,89.19,90.2,44331200
2016-02-10,91.08,91.49,89.36,89.52,42343600
2016-02-11,89.06,89.94,87.92,88.98,50074700
2016-02-12,89.44,89.74,88.32,89.25,40351400
2016-02-16,90.23,91.97,89.84,91.77,49057900
2016-02-17,91.8,93.26,91.3,93.17,44863200
2016-02-18,93.86,93.9,91.25,91.41,39021000
2016-02-19,91.16,91.88,90.97,91.2,35374200
2016-02-22,91.45,92.01,91.08,92,34280800
2016-02-23,91.54,91.64,89.78,89.92,31942600
2016-02-24,89.24,91.52,88.62,91.26,36255700
2016-02-25,91.21,91.88,90.45,91.88,27582700
2016-02-26,92.3,93.08,91.71,92.02,28991100
2016-02-29,91.98,93.28,91.78,91.82,35216300
2016-03-01,92.73,95.69,92.51,95.46,50407100
2016-03-02,95.44,95.8,94.62,95.67,33169600
2016-03-03,95.51,96.58,95.39,96.38,36955700
2016-03-04,97.21,98.52,96.26,97.82,46055100
2016-03-07,97.23,97.65,95.87,96.73,35828900
2016-03-08,95.7,96.63,95.34,95.94,31561900
2016-03-09,96.2,96.46,95.22,96.02,27201700
2016-03-10,96.3,97.09,95.1,96.07,33513600
2016-03-11,97.09,97.12,96.38,97.1,27408200
2016-03-14,96.77,97.72,96.65,97.35,25076100
2016-03-15,98.72,99.88,98.61,99.31,40067700
2016-03-16,99.34,100.95,99.32,100.63,38303500
2016-03-17,100.2,101.1,99.67,100.47,34420700
2016-03-18,100.98,101.13,99.89,100.58,44205200
2016-03-21,100.59,102.22,99.84,100.57,35502700
2016-03-22,99.94,101.88,99.91,101.34,32444400
2016-03-23,101.11,101.67,100.56,100.78,25703500
2016-03-24,100.15,100.89,99.6,100.34,26133000
2016-03-28,100.66,100.84,99.76,99.89,19411400
2016-03-29,99.6,102.36,99.59,102.25,31190100
2016-03-30,103.17,104.85,103.13,104.04,45601100
2016-03-31,104.19,104.36,103.39,103.5,25888400
2016-04-01,103.3,104.45,102.75,104.45,25874000
2016-04-04,104.85,106.53,104.71,105.52,37356200
2016-04-05,103.99,105.15,103.9,104.27,26578700
2016-04-06,104.67,105.39,103.69,105.37,26404100
2016-04-07,104.41,104.85,102.67,103.07,31801900
2016-04-08,103.42,104.24,102.72,103.18,23581700
2016-04-11,103.48,105.03,103.34,103.52,29407500
2016-04-12,103.83,104.93,103.18,104.87,27232300
2016-04-13,105.21,106.68,105.21,106.39,33257300
2016-04-14,105.99,106.72,105.72,106.45,25473900
2016-04-15,106.46,106.64,104.2,104.31,46939000
2016-04-18,103.4,103.46,101.55,102.06,60834000
2016-04-19,102.44,102.56,100.87,101.52,32384900
2016-04-20,101.26,102.64,100.71,101.73,30611000
2016-04-21,101.54,101.54,100.2,100.63,31552500
2016-04-22,99.72,101.11,99.35,100.35,33683100
2016-04-25,99.71,100.32,99.24,99.78,28031600
2016-04-26,98.67,99.99,98.67,99.09,56016200
2016-04-27,91.16,93.73,90.86,92.89,114602100
2016-04-28,92.69,92.95,89.5,90.05,82242700
2016-04-29,89.25,89.94,87.85,89.01,68531500
2016-05-02,89.23,89.34,87.74,88.92,48160100
2016-05-03,89.45,90.91,88.96,90.38,56831300
2016-05-04,90.4,91.07,89.09,89.44,41025500
2016-05-05,89.8,89.87,88.54,89.08,35890500
2016-05-06,89.2,89.28,87.75,88.58,43458200
2016-05-09,88.85,89.58,88.46,88.65,32936400
2016-05-10,89.16,89.39,88,89.25,33686800
2016-05-11,89.31,89.39,88.33,88.38,28719100
2016-05-12,88.58,88.64,85.48,86.31,76314700
2016-05-13,85.98,87.58,85.98,86.48,44392800
2016-05-16,88.27,90.18,87.56,89.69,61259800
2016-05-17,90.33,90.47,88.86,89.32,46916900
2016-05-18,89.96,90.96,89.7,90.34,42062400
2016-05-19,90.42,90.42,89.39,90,30442100
2016-05-20,90.42,91.17,90.3,90.97,32026000
2016-05-23,91.59,92.85,91.4,92.13,38018600
2016-05-24,92.88,93.71,92.52,93.53,35140200
2016-05-25,94.27,95.29,93.73,95.17,38168800
2016-05-26,95.23,96.23,94.24,95.93,56331200
2016-05-27,95,95.99,94.82,95.87,36229500
2016-05-31,95.15,95.92,94.41,95.4,42307200
2016-06-01,94.6,95.1,93.94,94.07,29173300
2016-06-02,93.24,93.47,92.32,93.36,40191600
2016-06-03,93.43,93.88,93.1,93.55,28062900
2016-06-06,93.62,97.34,93.2,94.23,23292500
2016-06-07,94.82,95.41,94.54,94.61,22409500
2016-06-08,94.6,95.12,94.28,94.52,20848100
2016-06-09,94.1,95.53,94.07,95.2,26601400
2016-06-10,94.13,94.92,94.08,94.42,31712900
2016-06-13,94.29,94.7,92.77,93,38020500
2016-06-14,92.98,94.08,92.43,93.11,31931900
2016-06-15,93.45,94.02,92.7,92.8,29445200
2016-06-16,92.15,93.39,91.78,93.2,31326800
2016-06-17,92.31,92.34,91.05,91.08,61008200
2016-06-20,91.72,92.26,90.79,90.86,34411900
2016-06-21,90.7,92.05,90.45,91.63,35546400
2016-06-22,91.95,92.57,91.09,91.29,29219100
2016-06-23,91.66,91.99,91,91.81,32240200
2016-06-24,88.76,90.44,88.51,89.23,75311400
2016-06-27,88.85,88.9,87.42,87.93,45489600
2016-06-28,88.75,89.48,88.03,89.41,40444900
2016-06-29,89.78,90.33,89.45,90.19,36531000
2016-06-30,90.23,91.5,90.09,91.33,35836400
2016-07-01,91.23,92.16,91.08,91.61,26026500
2016-07-05,91.13,91.14,90.24,90.75,27705200
2016-07-06,90.38,91.39,90.16,91.27,30949100
2016-07-07,91.43,92.19,91.35,91.66,25139600
2016-07-08,92.18,92.57,91.76,92.37,28912100
2016-07-11,92.43,93.29,92.41,92.65,23794900
2016-07-12,92.83,93.34,92.79,93.07,24167500
2016-07-13,93.06,93.31,92.52,92.55,25892200
2016-07-14,93.04,94.57,92.98,94.38,38919000
2016-07-15,94.51,94.87,94.1,94.37,30137000
2016-07-18,94.29,95.66,94.2,95.37,36493900
2016-07-19,95.12,95.54,94.91,95.41,23779900
2016-07-20,95.54,95.98,95.29,95.5,26276000
2016-07-21,95.37,96.49,94.71,94.99,32702000
2016-07-22,94.83,94.87,93.92,94.26,28313700
2016-07-25,93.86,94.43,92.59,93,40382900
2016-07-26,92.5,93.6,92.12,92.36,56239800
2016-07-27,99.62,99.69,98.16,98.36,92344800
2016-07-28,98.24,99.79,98.23,99.68,39869800
2016-07-29,99.54,99.88,99.05,99.56,27733700
2016-08-01,99.75,101.41,99.75,101.32,38167900
2016-08-02,101.32,101.34,99.36,99.82,33816600
2016-08-03,100.13,101.12,100.09,101.07,30202600
2016-08-04,101.41,101.82,101.13,101.69,27408700
2016-08-05,102.08,103.4,101.99,103.24,40553400
2016-08-08,103.28,104.09,102.93,104.09,28037200
2016-08-09,103.96,104.64,103.75,104.52,26315200
2016-08-10,104.42,104.6,103.51,103.74,24008500
2016-08-11,104.24,104.63,103.59,103.67,27484500
2016-08-12,103.53,104.16,103.53,103.91,18660400
2016-08-15,103.87,105.22,103.82,105.16,25868200
2016-08-16,105.3,105.88,104.9,105.06,33794400
2016-08-17,104.8,105.05,104.07,104.91,25356000
2016-08-18,104.92,105.28,104.72,104.78,21984700
2016-08-19,104.48,105.36,104.08,105.05,25368100
2016-08-22,104.56,104.8,103.59,104.23,25820200
2016-08-23,104.31,105.01,104.25,104.56,21257700
2016-08-24,104.29,104.46,103.43,103.77,23675100
2016-08-25,103.15,103.62,102.47,103.33,25086200
2016-08-26,103.17,103.69,102.12,102.72,27766300
2016-08-29,102.41,103.2,102.1,102.61,24970300
2016-08-30,101.63,102.3,101.34,101.82,24863900
2016-08-31,101.49,102.37,101.47,101.91,29662400
2016-09-01,101.95,102.59,101.45,102.52,26701500
2016-09-02,103.45,103.74,102.61,103.48,26802500
2016-09-06,103.64,104.03,103.27,103.45,26880400
2016-09-07,103.58,104.47,102.85,104.08,42364300
2016-09-08,103.02,103.04,101.09,101.36,53002000
2016-09-09,100.51,101.55,99.06,99.06,46557000
2016-09-12,98.6,101.55,98.48,101.28,45292800
2016-09-13,103.27,104.5,103.01,103.69,62176200
2016-09-14,104.44,108.57,104.32,107.36,110888700
2016-09-15,109.37,111.16,109.01,111.01,89983600
2016-09-16,110.58,111.55,109.54,110.39,79886900
2016-09-19,110.65,111.6,108.78,109.1,47023000
2016-09-20,108.59,109.62,108.07,109.09,34514300
2016-09-21,109.36,109.49,108,109.07,36003200
2016-09-22,109.84,110.4,109.5,110.1,31074000
2016-09-23,109.91,110.26,107.15,108.26,52481200
2016-09-26,107.24,108.92,107.15,108.43,29869400
2016-09-27,108.54,108.71,107.91,108.63,24607400
2016-09-28,109.2,110.12,108.95,109.45,29641100
2016-09-29,108.7,109.31,107.39,107.75,35887000
2016-09-30,108.02,108.9,107.39,108.59,36379100
2016-10-03,108.26,108.59,107.85,108.08,21701800
2016-10-04,108.6,109.8,108.19,108.54,29736800
2016-10-05,108.93,109.18,108.24,108.59,21453100
2016-10-06,109.21,109.83,108.67,109.4,28779300
2016-10-07,109.8,110.04,109.03,109.56,24358400
2016-10-10,110.48,112.14,110.19,111.47,36236000
2016-10-11,113.06,114.01,111.62,111.71,64041000
2016-10-12,112.72,113.32,112.14,112.71,37586800
2016-10-13,112.18,112.81,111.15,112.36,35192400
2016-10-14,113.23,113.51,112.51,112.99,35652200
2016-10-17,112.7,113.19,112.17,112.91,23624900
2016-10-18,113.52,113.55,112.82,112.84,24553500
2016-10-19,112.62,113.11,109.31,112.5,20034600
2016-10-20,112.25,112.75,111.74,112.44,24125800
2016-10-21,112.2,112.3,111.69,112,23192700
2016-10-24,112.48,113.09,112.38,113.01,23538700
2016-10-25,113.3,113.69,112.68,113.58,48129000
2016-10-26,109.8,111.13,108.84,111.03,66134200
2016-10-27,110.84,111.29,109.6,109.96,34562000
2016-10-28,109.38,110.66,108.97,109.23,37861700
2016-10-31,109.17,109.72,108.73,109.06,26419400
2016-11-01,108.98,109.28,106.17,107.09,43825800
2016-11-02,107,107.92,106.84,107.19,28331700
2016-11-03,107.15,107.61,105.77,106.04,26932600
2016-11-04,104.78,106.44,104.38,105.08,30837000
2016-11-07,106.28,106.69,105.68,106.6,32560000
2016-11-08,106.5,107.86,105.91,107.23,24054500
2016-11-09,106.09,107.48,104.32,107.05,59176400
2016-11-10,107.25,107.25,102.18,104.07,57134500
2016-11-11,103.42,105.11,102.87,104.69,34094100
2016-11-14,103.99,104.09,100.49,102.06,51175500
2016-11-15,102.89,103.96,102.49,103.41,32264500
2016-11-16,103.02,106.42,102.92,106.19,58840500
2016-11-17,106.02,106.54,105.07,106.15,27632000
2016-11-18,105.93,106.72,105.87,106.26,28428900
2016-11-21,106.32,108.12,106.21,107.87,29264600
2016-11-22,108.09,108.54,107.55,107.94,25965500
2016-11-23,107.52,107.66,106.52,107.39,27426400
2016-11-25,107.29,108.01,107.12,107.93,11475900
2016-11-28,107.58,108.59,107.54,107.72,27194000
2016-11-29,106.96,108.16,106.27,107.61,28528800
2016-11-30,107.75,108.33,106.46,106.7,36162300
2016-12-01,106.56,107.11,105.27,105.71,37086900
2016-12-02,105.4,106.29,105.09,106.11,26528000
2016-12-05,106.2,106.23,104.51,105.34,34324500
2016-12-06,105.72,106.55,105.42,106.15,26195500
2016-12-07,105.49,107.35,105.39,107.2,29998700
2016-12-08,107.03,108.55,106.78,108.25,27068300
2016-12-09,108.43,110.74,108.43,110.02,34402600
2016-12-12,109.38,111.03,108.61,109.39,26374400
2016-12-13,109.91,111.92,109.82,111.21,43733800
2016-12-14,111.07,112.19,111.01,111.21,34031800
2016-12-15,111.4,112.7,111.25,111.82,46524500
2016-12-16,112.45,112.48,111.66,111.97,44351100
2016-12-19,111.8,113.33,111.75,112.61,27779400
2016-12-20,112.71,113.44,112.65,112.91,21425000
2016-12-21,112.77,113.35,112.75,113.02,23783200
2016-12-22,112.33,112.49,111.65,112.28,26085900
2016-12-23,111.6,112.5,111.6,112.5,14249500
2016-12-27,112.5,113.73,112.47,113.21,18296900
2016-12-28,113.46,113.95,112.19,112.73,20905900
2016-12-29,112.43,113.07,112.38,112.7,15039500
2016-12-30,112.62,113.15,111.44,111.82,30586300
2017-01-03,111.8,112.31,110.8,112.14,28781900
2017-01-04,111.85,112.49,111.75,112.01,21118100
2017-01-05,111.92,112.83,111.81,112.58,22193600
2017-01-06,112.75,114.08,112.45,113.84,31751900
2017-01-09,113.88,115.31,113.87,114.88,33561900
2017-01-10,114.67,115.26,114.22,115,24462100
2017-01-11,114.64,115.79,114.51,115.62,27588600
2017-01-12,114.8,115.18,114.13,115.13,27086200
2017-01-13,115,115.49,114.71,114.93,26111900
2017-01-17,114.25,116.09,114.14,115.86,34439800
2017-01-18,115.86,116.34,115.58,115.85,23713000
2017-01-19,115.28,115.94,115.25,115.64,25597300
2017-01-20,116.29,116.29,115.6,115.86,32597900
2017-01-23,115.86,116.64,115.64,115.93,22050200
2017-01-24,115.42,115.95,115.37,115.83,23211000
2017-01-25,116.26,117.88,116.13,117.67,32377600
2017-01-26,117.47,118.21,117.4,117.73,26337600
2017-01-27,117.92,118.13,117.4,117.74,20562900
2017-01-30,116.75,117.43,116.49,117.43,30377500
2017-01-31,116.97,117.2,116.46,117.16,49201000
2017-02-01,122.64,125.98,122.63,124.31,111985000
2017-02-02,123.56,124.92,123.37,124.09,33710400
2017-02-03,123.88,124.73,123.74,124.62,24507300
2017-02-06,124.67,125.99,124.45,125.79,26845900
2017-02-07,126.03,127.53,125.95,126.99,38183800
2017-02-08,126.82,127.66,126.69,127.48,23004100
2017-02-09,127.66,128.43,127.14,128.4,28349900
2017-02-10,128.44,128.91,128.04,128.11,20065500
2017-02-13,129.04,129.76,128.72,129.25,23035400
2017-02-14,129.42,130.99,129.21,130.92,33226200
2017-02-15,131.41,132.14,130.54,131.4,35623100
2017-02-16,131.55,131.78,130.75,131.24,22584600
2017-02-17,131,131.71,131,131.6,22198200
2017-02-21,132.1,132.6,131.85,132.55,24507200
2017-02-22,132.29,132.96,131.98,132.95,20836900
2017-02-23,133.21,133.31,132.16,132.39,20788200
2017-02-24,131.79,132.51,131.18,132.51,21776600
2017-02-27,132.98,133.27,132.15,132.78,20257400
2017-02-28,132.92,133.27,132.55,132.83,23482900
2017-03-01,133.71,135.9,133.43,135.55,36414600
2017-03-02,135.75,136.02,134.55,134.74,26211000
2017-03-03,134.57,135.59,134.39,135.54,21108100
2017-03-06,135.14,135.53,134.4,135.11,21750000
2017-03-07,134.84,135.73,134.58,135.29,17446300
2017-03-08,134.73,135.56,134.61,134.78,18707200
2017-03-09,134.53,134.58,132.89,134.47,22155900
2017-03-10,135.03,135.13,134.43,134.92,19612800
2017-03-13,134.64,135.2,134.61,134.98,17421700
2017-03-14,135.07,135.41,134.63,134.77,15309100
2017-03-15,135.18,136.48,134.81,136.2,25691800
2017-03-16,136.45,136.74,136,136.42,19232000
2017-03-17,136.72,136.72,135.65,135.74,43885000
2017-03-20,136.14,137.21,135.98,137.17,21542000
2017-03-21,137.8,138.47,135.49,135.6,39529900
2017-03-22,135.61,137.3,135.52,137.13,25860200
2017-03-23,136.97,137.28,136.34,136.64,20346300
2017-03-24,137.21,137.44,136.09,136.37,22395600
2017-03-27,135.16,136.94,134.41,136.61,23575100
2017-03-28,136.64,139.67,136.35,139.44,33374800
2017-03-29,139.32,140.11,138.85,139.75,29190000
2017-03-30,139.82,140.12,139.15,139.56,21207300
2017-03-31,139.36,139.89,138.67,139.3,19661700
2017-04-03,139.35,139.75,138.71,139.34,19985700
2017-04-04,138.9,140.49,138.83,140.38,19891400
2017-04-05,139.84,141.05,139.45,139.65,27717900
2017-04-06,139.91,140.14,139.1,139.3,21149000
2017-04-07,139.37,139.81,138.92,138.99,16672200
2017-04-10,139.24,139.51,138.56,138.83,18933400
2017-04-11,138.6,139,135.81,137.33,30379400
2017-04-12,137.3,137.84,136.73,137.5,20350000
2017-04-13,137.6,138.06,136.77,136.77,17822900
2017-04-17,137.19,137.58,136.6,137.53,16582100
2017-04-18,137.12,137.73,136.83,136.92,14697500
2017-04-19,137.58,137.69,136.19,136.41,17328400
2017-04-20,136.94,138.58,136.88,138.12,23319600
2017-04-21,138.12,138.35,137.55,137.95,17320900
2017-04-24,139.15,139.58,138.84,139.28,17134300
2017-04-25,139.54,140.5,139.51,140.15,18871500
2017-04-26,140.09,140.21,139.03,139.32,20041200
2017-04-27,139.55,139.79,138.96,139.43,14246300
2017-04-28,139.72,139.92,138.92,139.29,20860400
2017-05-01,140.7,142.73,140.56,142.13,33602900
2017-05-02,143.06,143.6,142.39,143.03,45352200
2017-05-03,141.17,143.02,139.89,142.6,45697000
2017-05-04,142.07,142.68,141.39,142.08,23371900
2017-05-05,142.31,144.46,142.31,144.44,27327700
2017-05-08,144.51,149.04,144.51,148.37,48752400
2017-05-09,149.2,150.18,148.79,149.32,39130400
2017-05-10,148.97,149.27,147.5,148.61,25805700
2017-05-11,148.44,150.01,148.3,149.9,27255100
2017-05-12,150.63,152.3,150.6,151.99,32527000
2017-05-15,151.9,152.52,150.97,151.6,26009700
2017-05-16,151.83,151.95,150.65,151.38,20048500
2017-05-17,149.55,150.5,145.77,146.29,50767700
2017-05-18,147.29,149.3,147.15,148.52,33568200
2017-05-19,149.34,149.92,148.61,149.03,26960800
2017-05-22,149.94,150.51,148.88,149.93,22966400
2017-05-23,150.82,150.82,149.27,149.75,19918900
2017-05-24,149.79,150.11,148.65,149.3,19178000
2017-05-25,149.68,150.29,149,149.82,19235600
2017-05-26,149.94,150.18,149.27,149.56,21927600
2017-05-30,149.38,150.36,149.29,149.62,20126900
2017-05-31,149.92,150.11,148.37,148.74,24451200
2017-06-01,149.14,149.29,148.21,149.15,16404100
2017-06-02,149.54,151.36,148.86,151.36,27770700
2017-06-05,150.28,150.38,149.42,149.88,25331700
2017-06-06,149.85,151.71,149.73,150.38,26624900
2017-06-07,150.94,151.87,150.41,151.28,21069600
2017-06-08,151.16,151.44,150.33,150.91,21250800
2017-06-09,151.1,151.1,142.17,145.06,64882700
2017-06-12,141.9,142.24,138.76,141.59,72307300
2017-06-13,143.28,143.57,141.33,142.73,34165400
2017-06-14,143.62,143.62,140.05,141.34,31531200
2017-06-15,139.55,140.67,138.46,140.49,32165400
2017-06-16,139.99,140.69,138.46,138.52,50361100
2017-06-19,139.88,142.88,139.88,142.49,32541400
2017-06-20,143,143,141.12,141.19,24900100
2017-06-21,141.69,142.22,140.8,142.03,21265800
2017-06-22,141.93,142.84,141.3,141.79,19106300
2017-06-23,141.31,143.28,141.29,142.43,35439400
2017-06-26,143.29,144.37,141.55,141.98,25692400
2017-06-27,141.19,142.31,139.84,139.94,24761900
2017-06-28,140.68,142.26,139.39,141.99,22082400
2017-06-29,140.9,141.31,138.53,139.9,31499400
2017-06-30,140.65,141.14,139.99,140.23,23024100
2017-07-03,141.06,141.47,139.33,139.72,14277800
2017-07-05,139.91,140.98,138.96,140.3,21569600
2017-07-06,139.25,139.72,138.66,138.97,24128800
2017-07-07,139.14,140.94,139.14,140.38,19201700
2017-07-10,140.31,142.11,139.59,141.24,21090600
2017-07-11,140.92,142.01,140.58,141.7,19781800
2017-07-12,142.03,142.33,141.01,141.9,24884500
2017-07-13,141.67,144.58,141.61,143.88,25199400
2017-07-14,144.07,145.4,143.45,145.11,20132100
2017-07-17,144.9,146.93,144.66,145.62,23793500
2017-07-18,145.27,146.18,144.75,146.13,17868800
2017-07-19,146.52,147.43,146,147.04,20923000
2017-07-20,147.51,147.74,146.23,146.38,17243700
2017-07-21,146.04,146.48,144.96,146.31,26252600
2017-07-24,146.61,148.43,145.95,148.08,21493200
2017-07-25,147.8,149.79,147.8,148.72,18853900
2017-07-26,149.31,149.88,149.03,149.42,15781000
2017-07-27,149.7,149.93,143.42,146.59,32476300
2017-07-28,145.94,146.27,145.26,145.56,17213700
2017-07-31,145.95,146.37,144.23,144.81,19845900
2017-08-01,145.17,146.26,144.5,146.1,35368600
2017-08-02,155.09,155.54,152.05,153,69936800
2017-08-03,152.91,153.07,150.94,151.47,27097300
2017-08-04,151.96,153.25,151.59,152.27,20559900
2017-08-07,152.92,154.73,152.54,154.63,21870300
2017-08-08,154.42,157.57,154.1,155.86,36205900
2017-08-09,155.07,157.02,154.92,156.82,26131500
2017-08-10,156.3,156.4,151.15,151.82,40804300
2017-08-11,153.07,155,152.56,153.93,26257100
2017-08-14,155.73,156.6,155.18,156.25,22122700
2017-08-15,157.04,158.55,156.53,157.96,29465500
2017-08-16,158.29,158.85,156.54,157.33,27671600
2017-08-17,156.91,157.09,154.29,154.31,27940600
2017-08-18,154.31,155.91,153.19,153.95,27428100
2017-08-21,153.95,154.34,151.62,153.67,26368500
2017-08-22,154.67,156.4,154.46,156.18,21604600
2017-08-23,155.49,156.86,155.3,156.38,19399100
2017-08-24,156.82,157.12,154.98,155.68,19818900
2017-08-25,156.06,156.95,155.68,156.26,25480100
2017-08-28,156.53,158.35,156.33,157.83,25966000
2017-08-29,156.5,159.45,156.4,159.24,29516900
2017-08-30,160.11,160.2,158.95,159.67,27269600
2017-08-31,159.96,160.82,159.8,160.31,26785100
2017-09-01,161.09,161.23,159.95,160.36,16591100
2017-09-05,160.06,160.55,156.95,158.43,29468500
2017-09-06,159.05,159.32,156.91,158.27,21651700
2017-09-07,158.44,158.59,156.75,157.63,21928500
2017-09-08,157.24,157.52,154.96,155.06,28611500
2017-09-11,156.89,158.4,156.29,157.86,31580800
2017-09-12,158.95,160.27,155.2,157.24,71714000
2017-09-13,156.27,156.36,154.36,156.06,44907400
2017-09-14,155.41,155.81,154.53,154.72,23760700
2017-09-15,154.9,157.35,154.44,156.28,49114600
2017-09-18,156.51,156.89,154.44,155.1,28269400
2017-09-19,155.92,156.17,154.87,155.16,20810600
2017-09-20,154.35,154.7,150.37,152.56,52951400
2017-09-21,152.29,152.29,149.31,149.94,37511700
2017-09-22,148.13,148.84,147.17,148.47,46645400
2017-09-25,146.61,148.41,145.8,147.16,44387300
2017-09-26,148.36,150.45,148.28,149.69,36660000
2017-09-27,150.34,151.24,150.08,150.76,25504200
2017-09-28,150.43,150.81,149.26,149.83,22005500
2017-09-29,149.76,150.66,148.58,150.65,26299800
2017-10-02,150.79,150.97,149.28,150.35,18698800
2017-10-03,150.54,151.6,150.45,151,16230300
2017-10-04,150.17,150.4,149.03,150.02,20163800
2017-10-05,150.71,151.94,150.58,151.89,21283800
2017-10-06,151.48,151.99,151.08,151.8,17407600
2017-10-09,152.3,153.2,151.99,152.33,16262900
2017-10-10,152.55,154.44,151.61,152.39,15617000
2017-10-11,152.46,153.45,152.24,153.03,16905600
2017-10-12,152.83,153.83,152.22,152.49,16125100
2017-10-13,153.2,153.74,152.89,153.46,16394200
2017-10-16,154.35,156.4,154.1,156.28,24121500
2017-10-17,156.18,157.25,155.65,156.86,18997300
2017-10-18,156.81,157.09,156.01,156.16,16374200
2017-10-19,153.22,153.54,151.53,152.47,42584200
2017-10-20,153.08,154.2,152.45,152.73,23974100
2017-10-23,153.36,154.14,152,152.65,21984300
2017-10-24,152.77,153.88,152.68,153.56,17757200
2017-10-25,153.38,154,151.77,152.89,21207100
2017-10-26,153.69,154.28,153.25,153.87,17000500
2017-10-27,155.7,159.92,155.13,159.38,44454200
2017-10-30,160.2,164.29,160.03,162.97,44700800
2017-10-31,164.12,165.83,163.18,165.23,36046800
2017-11-01,166.05,166.11,161.88,163.13,33637800
2017-11-02,162.85,164.71,161.56,164.33,41393400
2017-11-03,170.08,170.34,167.27,168.62,59398600
2017-11-06,168.49,171.05,167.85,170.33,34319500
2017-11-07,169.99,171.3,169.69,170.87,24361500
2017-11-08,170.73,172.27,170.41,172.27,24409500
2017-11-09,171.17,172.14,169.24,171.92,29482600
2017-11-10,171.78,172.05,170.96,171.35,25145500
2017-11-13,170.2,171.18,170.11,170.66,16982100
2017-11-14,169.75,170.18,167.93,168.08,24782500
2017-11-15,166.74,167.08,165.18,165.87,29158100
2017-11-16,167.93,168.6,167.06,167.85,23637500
2017-11-17,167.79,168.13,166.42,166.92,21899500
2017-11-20,167.05,167.32,166.34,166.75,16262400
2017-11-21,167.54,170.4,167.54,169.85,25131300
2017-11-22,170.07,171.68,169.76,171.64,25588900
2017-11-24,171.77,172.17,171.33,171.65,14026700
2017-11-27,171.72,171.75,170.05,170.78,20716800
2017-11-28,170.99,171.55,168.59,169.78,26428800
2017-11-29,169.35,169.63,163.98,166.26,41666400
2017-11-30,167.19,168.87,165.24,168.59,41527200
2017-12-01,166.72,168.41,165.3,167.8,39759300
2017-12-04,169.2,169.34,166.41,166.57,32542400
2017-12-05,165.85,168.26,165.2,166.42,27350200
2017-12-06,164.32,166.97,163.3,165.8,28560000
2017-12-07,165.82,167.2,165.7,166.1,25673300
2017-12-08,167.25,167.75,165.61,166.15,23355200
2017-12-11,165.99,169.61,165.58,169.39,35273800
2017-12-12,168.88,169.11,168.2,168.44,19409200
2017-12-13,169.22,170.24,168.73,169,23818400
2017-12-14,169.12,169.84,168.39,168.95,20476500
2017-12-15,170.33,170.86,169.18,170.66,40169300
2017-12-18,171.56,173.83,171.54,173.07,29421100
2017-12-19,171.7,172.06,170.78,171.22,27436400
2017-12-20,171.55,172.09,169.96,171.04,23475600
2017-12-21,170.86,172.68,170.79,171.69,20949900
2017-12-22,171.36,172.09,171.18,171.69,16114600
2017-12-26,167.56,168.21,166.46,167.33,33185500
2017-12-27,166.87,167.54,166.49,167.36,21498200
2017-12-28,167.75,168.59,167.24,167.83,16480200
2017-12-29,167.28,167.35,166.01,166.01,25884400
2018-01-02,166.93,169.03,166.04,168.99,25555900
2018-01-03,169.25,171.23,168.69,168.96,29517900
2018-01-04,169.26,170.17,168.81,169.74,22434600
2018-01-05,170.14,172.04,169.76,171.68,23660000
2018-01-08,171.04,172.27,170.63,171.04,20567800
2018-01-09,171.23,171.73,170.12,171.02,21584000
2018-01-10,169.87,170.99,169.71,170.98,23959900
2018-01-11,171.27,172.16,171.17,171.95,18667700
2018-01-12,172.83,173.99,172.31,173.73,25226000
2018-01-16,174.52,175.98,172.79,172.84,29565900
2018-01-17,172.8,175.84,171.74,175.7,34386800
2018-01-18,175.96,176.68,174.86,175.85,31193400
2018-01-19,175.22,176.17,174.04,175.07,32425100
2018-01-22,173.93,174.4,173.24,173.64,27108600
2018-01-23,173.93,176.03,173.46,173.68,32689100
2018-01-24,173.88,173.93,169.91,170.91,51105100
2018-01-25,171.19,171.63,167.29,167.86,41529000
2018-01-26,168.73,168.73,166.83,168.25,39143000
2018-01-29,166.93,166.93,163.9,164.77,50640400
2018-01-30,162.39,164.19,161.57,163.8,46048200
2018-01-31,163.7,165.24,163.34,164.25,32478900
2018-02-01,163.99,165.42,163.59,164.59,47230800
2018-02-02,162.85,163.63,157.06,157.45,86593800
2018-02-05,156.08,160.77,153.04,153.52,72738500
2018-02-06,151.89,160.61,151.07,159.93,68243800
2018-02-07,159.99,160.3,156.05,156.51,51608600
2018-02-08,157.24,157.94,152.08,152.2,54390500
2018-02-09,154.71,155.52,147.99,154.06,70672600
2018-02-12,156.12,161.43,155.15,160.27,60819500
2018-02-13,159.52,162.28,159.23,161.88,32549200
2018-02-14,160.59,165.03,160.44,164.86,40644900
2018-02-15,167.24,170.49,166.47,170.4,51147200
2018-02-16,169.77,172.2,169.19,169.84,40176100
2018-02-20,169.47,171.65,168.85,169.27,33930500
2018-02-21,170.24,171.51,168.45,168.5,37471600
2018-02-22,169.22,171.34,169.13,169.91,30991900
2018-02-23,171.07,173.02,170.94,172.87,33812400
2018-02-26,173.7,176.7,173.57,176.29,38162200
2018-02-27,176.41,177.77,175.49,175.71,38928100
2018-02-28,176.57,177.91,175.38,175.45,37782100
2018-03-01,175.86,177.08,170.07,172.38,48802000
2018-03-02,170.21,173.66,169.86,173.57,38454000
2018-03-05,172.58,175.07,171.9,174.17,28401400
2018-03-06,175.24,175.58,173.49,174.02,23788500
2018-03-07,172.32,173.21,171.66,172.4,31703500
2018-03-08,172.85,174.46,172.44,174.29,23774100
2018-03-09,175.29,177.3,174.73,177.28,32185200
2018-03-12,177.59,179.65,177.51,178.99,32207100
2018-03-13,179.85,180.75,176.55,177.27,31693500
2018-03-14,177.62,177.81,175.14,175.76,29368400
2018-03-15,175.82,177.54,175.4,175.97,22743800
2018-03-16,175.97,176.43,174.96,175.35,39404700
2018-03-19,174.66,174.81,171.06,172.67,33446800
2018-03-20,172.61,174.15,172.32,172.61,19649400
2018-03-21,172.41,172.46,168.69,168.7,36338100
2018-03-22,167.45,170.09,166.07,166.32,41490800
2018-03-23,165.86,167.37,162.47,162.47,41028800
2018-03-26,165.55,170.5,163.94,170.18,37541200
2018-03-27,171.08,172.52,164.42,165.82,40922600
2018-03-28,164.74,167.47,162.71,163.98,41668500
2018-03-29,165.29,169.17,164.4,165.26,38398500
2018-04-02,164.14,166.41,162,164.18,37586800
2018-04-03,165.13,166.22,162.41,165.86,30278000
2018-04-04,162.41,169.43,162.3,169.04,34605500
2018-04-05,169.99,171.62,169.5,170.21,26933200
2018-04-06,168.41,169.89,165.68,165.85,35005300
2018-04-09,167.33,170.49,167.3,167.5,29017700
2018-04-10,170.41,171.39,168.96,170.65,28408600
2018-04-11,169.65,171.31,169.12,169.85,22431600
2018-04-12,170.81,172.38,170.44,171.53,22889300
2018-04-13,172.16,173.2,171.24,172.11,25124300
2018-04-16,172.4,173.55,172.21,173.18,21578400
2018-04-17,173.84,176.26,173.76,175.57,26509000
2018-04-18,175.14,176.14,174.23,175.17,20754500
2018-04-19,171.15,172.76,170.07,170.21,34808800
2018-04-20,168.04,168.65,162.95,163.23,65491100
2018-04-23,164.33,164.42,161.63,162.76,36515500
2018-04-24,163.19,163.84,158.8,160.5,33692000
2018-04-25,160.18,162.94,159.97,161.2,28382100
2018-04-26,161.66,163.24,160.92,161.76,27963000
2018-04-27,161.54,161.87,158.22,159.89,35655800
2018-04-30,159.7,164.75,159.41,162.78,42427400
2018-05-01,163.91,166.66,162.79,166.56,53569400
2018-05-02,172.6,175.08,171.19,173.92,66539400
2018-05-03,173.24,174.84,171.82,174.24,34068200
2018-05-04,175.58,181.49,175.5,181.07,56201300
2018-05-07,182.4,184.86,181.98,182.38,42451400
2018-05-08,182.22,183.43,180.92,183.26,28402800
2018-05-09,183.75,184.59,182.44,184.55,23211200
2018-05-10,184.92,187.51,184.84,187.19,27989300
2018-05-11,187.37,187.93,185.35,186.48,26212200
2018-05-14,186.89,187.41,185.76,186.04,20778800
2018-05-15,184.69,184.97,183.03,184.35,23695200
2018-05-16,183.99,186.35,183.92,186.07,19183100
2018-05-17,185.89,186.79,184.27,184.9,17294000
2018-05-18,185.09,185.71,184.05,184.22,18297700
2018-05-21,185.89,187.15,184.82,185.53,18400800
2018-05-22,186.27,186.76,184.69,185.06,15240700
2018-05-23,184.26,186.39,183.68,186.25,20058400
2018-05-24,186.66,186.72,184.12,186.04,23234000
2018-05-25,186.12,187.53,185.55,186.47,17461000
2018-05-29,185.5,186.64,184.78,185.8,22514100
2018-05-30,185.62,185.89,184.69,185.4,18690500
2018-05-31,185.12,186.12,184.06,184.78,27482800
2018-06-01,185.88,188.13,185.65,188.11,23442500
2018-06-04,189.49,191.25,189.21,189.68,26266200
2018-06-05,190.91,191.77,190.21,191.14,21566000
2018-06-06,191.46,191.91,189.77,191.81,20933600
2018-06-07,191.97,192.02,190.19,191.29,21347200
2018-06-08,189.03,189.85,187.64,189.55,26656800
2018-06-11,189.21,189.82,188.08,189.09,18308500
2018-06-12,189.25,190.45,189.01,190.13,16911100
2018-06-13,190.26,190.72,188.31,188.56,21638400
2018-06-14,189.4,189.42,188.09,188.66,21610100
2018-06-15,187.9,188.03,186.15,186.72,61719200
2018-06-18,185.78,187.1,185.1,186.63,18484900
2018-06-19,183.07,184.24,181.4,183.61,33578500
2018-06-20,184.26,185.1,183.65,184.41,20628700
2018-06-21,185.15,186.24,182.87,183.38,25711900
2018-06-22,184.04,184.07,182.63,182.85,27200400
2018-06-25,181.35,182.85,178.71,180.13,31663100
2018-06-26,180.94,184.44,180.5,182.36,24569200
2018-06-27,183.16,185.18,181.97,182.1,25285300
2018-06-28,182.04,184.12,181.74,183.42,17365200
2018-06-29,184.2,185.09,180.86,183.04,22737700
2018-07-02,181.76,185.2,181.37,185.08,17731300
2018-07-03,185.69,185.84,181.48,181.86,13954800
2018-07-05,183.18,184.32,182.22,183.32,16604200
2018-07-06,183.34,186.32,183.13,185.86,17485200
2018-07-09,187.38,188.54,187.18,188.45,19756600
2018-07-10,188.57,189.14,188.05,188.22,15939100
2018-07-11,186.39,187.65,185.51,185.78,18831500
2018-07-12,187.41,189.27,187.19,188.89,18041100
2018-07-13,188.94,189.69,188.76,189.19,12513900
2018-07-16,189.37,190.49,188.29,188.77,15043100
2018-07-17,187.62,189.72,187.08,189.31,15534500
2018-07-18,189.63,189.65,187.8,188.27,16393400
2018-07-19,187.57,190.39,187.57,189.73,20286800
2018-07-20,189.63,190.27,188.04,189.3,20676200
2018-07-23,188.54,189.81,187.44,189.46,15989400
2018-07-24,190.29,191.49,189.9,190.84,18697900
2018-07-25,190.9,192.67,190.27,192.64,16709900
2018-07-26,192.43,193.77,191.44,192.03,19076000
2018-07-27,192.81,193,187.97,188.84,24024000
2018-07-30,189.75,190.05,186.95,187.78,21029500
2018-07-31,188.17,189.99,187.22,188.16,39373000
2018-08-01,196.9,199.5,195.1,199.24,67935700
2018-08-02,198.33,206.05,198.11,205.07,62404000
2018-08-03,204.71,206.4,203.18,205.66,33447400
2018-08-06,205.67,206.91,204.75,206.73,25425400
2018-08-07,206.98,207.15,204.44,204.79,25587400
2018-08-08,203.74,205.48,202.23,204.93,22525500
2018-08-09,204.96,207.43,204.88,206.54,23469200
2018-08-10,205.76,207.48,205.07,205.93,24611200
2018-08-13,206.09,209.32,206.09,207.25,25869100
2018-08-14,208.53,208.93,206.65,208.13,20748000
2018-08-15,207.6,209.11,206.72,208.61,28807600
2018-08-16,210.11,212.16,209.83,211.67,28500400
2018-08-17,211.79,216.26,211.51,215.9,35427000
2018-08-20,216.41,217.49,213.45,213.79,30287700
2018-08-21,215.12,215.51,212.37,213.38,26159800
2018-08-22,212.44,214.69,212.19,213.39,19018100
2018-08-23,212.99,215.37,212.94,213.82,18883200
2018-08-24,214.93,215.22,213.45,214.49,18476400
2018-08-27,215.47,217.05,214.66,216.25,20525100
2018-08-28,217.32,218.83,217.23,218,22776800
2018-08-29,218.45,221.76,217.71,221.26,27254800
2018-08-30,221.52,226.49,220.68,223.29,48793800
2018-08-31,224.76,227.1,224.25,225.87,43340100
2018-09-04,226.64,227.41,224.88,226.59,27390100
2018-09-05,227.22,227.89,223.36,225.12,33333000
2018-09-06,224.48,225.59,219.59,221.37,34290000
2018-09-07,220.13,223.63,219,219.59,37619800
2018-09-10,219.24,220.13,214.8,216.64,39516500
2018-09-11,216.32,222.57,214.89,222.12,35749000
2018-09-12,223.2,223.26,218.14,219.36,49278700
2018-09-13,221.79,226.58,220.85,224.66,41706400
2018-09-14,224,225.09,220.8,222.11,31999300
2018-09-17,220.43,221.23,215.59,216.2,37195100
2018-09-18,216.11,220.13,215.44,216.55,31571700
2018-09-19,216.81,217.92,213.64,216.68,27123800
2018-09-20,218.54,220.56,217.46,218.33,26608800
2018-09-21,219.07,219.65,215.61,215.98,96246700
2018-09-24,215.14,219.55,214.95,219.08,27693400
2018-09-25,218.05,221.1,218,220.47,24554400
2018-09-26,219.29,222.02,218.06,218.72,23984700
2018-09-27,222.09,224.69,221.81,223.21,30181200
2018-09-28,223.05,224.09,222.29,223.99,22929400
2018-10-01,226.19,227.65,224.6,225.5,23600800
2018-10-02,225.49,228.22,224.88,227.51,24788200
2018-10-03,228.27,231.66,228,230.28,28654800
2018-10-04,229,230.55,224.98,226.23,32042000
2018-10-05,226.2,226.64,218.87,222.56,33580500
2018-10-08,220.49,223.06,218.5,222.04,29663900
2018-10-09,221.91,225.51,220.53,225.12,26891000
2018-10-10,223.72,224.6,214.38,214.69,41990600
2018-10-11,212.86,217.8,210.68,212.79,53124400
2018-10-12,218.72,221.16,215.16,220.39,40337900
2018-10-15,219.45,220.11,215.59,215.68,30791000
2018-10-16,217.24,221.27,215.08,220.43,29184000
2018-10-17,220.58,220.92,217.64,219.48,22885400
2018-10-18,216.18,218.04,211.35,214.35,32581300
2018-10-19,216.37,219.55,215.75,217.61,33078700
2018-10-22,218.09,221.63,217.25,218.94,28792100
2018-10-23,214.16,221.52,213.04,221.01,38767800
2018-10-24,220.88,222.5,212.88,213.43,40925500
2018-10-25,216.03,219.67,215.07,218.1,29855800
2018-10-26,214.23,218.49,211.03,214.63,47258400
2018-10-29,217.5,217.99,204.5,210.6,45935500
2018-10-30,209.52,213.52,207.65,211.65,36660000
2018-10-31,215.2,218.75,214.94,217.17,38358900
2018-11-01,217.36,220.64,215.13,220.5,58323200
2018-11-02,207.93,212,203.84,205.88,91328700
2018-11-05,202.72,202.81,196.64,200.03,66163700
2018-11-06,200.36,203.14,200.13,202.19,31882900
2018-11-07,204.38,208.44,202.55,208.33,33424400
2018-11-08,209.08,209.22,205.87,207.6,25362600
2018-11-09,204.67,205.13,201.39,203.6,34365800
2018-11-12,198.15,199,192.96,193.34,51135500
2018-11-13,190.81,196.34,190.63,191.41,46882900
2018-11-14,193.07,193.65,185.14,186,60801000
2018-11-15,187.59,191.15,186.1,190.59,46478800
2018-11-16,189.69,194.14,188.65,192.7,36928300
2018-11-19,189.19,189.89,184.2,185.07,41925300
2018-11-20,177.61,180.7,174.76,176.22,67825200
2018-11-21,178.96,179.5,175.8,176.03,31124200
2018-11-23,174.19,175.85,171.37,171.55,23624000
2018-11-26,173.5,174.2,169.53,173.87,44998500
2018-11-27,170.78,174.02,170.15,173.5,41387400
2018-11-28,175.98,180.52,174.18,180.17,46062500
2018-11-29,181.88,182.02,176.94,178.78,41770000
2018-11-30,179.52,179.56,176.27,177.82,39531500
2018-12-03,183.67,184.15,180.44,184.03,40802500
2018-12-04,180.18,181.61,175.52,175.94,41344300
2018-12-06,171.03,174.03,169.69,173.97,43098400
2018-12-07,172.75,173.74,167.58,167.77,42281600
2018-12-10,164.3,169.36,162.63,168.88,62026000
2018-12-11,170.93,171.06,166.29,167.91,47281700
2018-12-12,169.67,171.19,168.3,168.38,35627700
2018-12-13,169.76,171.83,168.83,170.22,31898600
2018-12-14,168.28,168.36,164.57,164.77,40703700
2018-12-17,164.74,167.63,162.04,163.24,44287900
2018-12-18,164.67,166.81,163.69,165.36,33841500
2018-12-19,165.29,166.73,158.41,160.2,49047300
2018-12-20,159.72,161.42,154.64,156.16,64773000
2018-12-21,156.19,157.48,148.99,150.09,95744600
2018-12-24,147.52,150.9,145.96,146.2,37169200
2018-12-26,147.67,156.56,146.09,156.5,58582500
2018-12-27,155.17,156.1,149.43,155.48,53117100
2018-12-28,156.83,157.84,153.89,155.56,42291400
2018-12-31,157.85,158.68,155.81,157.07,35003500
2019-01-02,154.23,158.17,153.57,157.25,37039700
2019-01-03,143.37,145.1,141.39,141.58,91244100
2019-01-04,143.91,147.92,143.19,147.63,58607100
2019-01-07,148.06,148.19,145.28,147.3,54777800
2019-01-08,148.92,151.17,147.89,150.11,41025300
2019-01-09,150.64,153.87,148.99,152.66,45099100
2019-01-10,151.85,153.31,150.22,153.14,35780700
2019-01-11,152.23,153.04,150.86,151.64,27023200
2019-01-14,150.21,150.62,148.58,149.36,32439200
2019-01-15,149.63,152.73,149.41,152.42,28710900
2019-01-16,152.43,155.21,152.35,154.28,30569700
2019-01-17,153.54,156.99,152.61,155.19,29821200
2019-01-18,156.83,157.21,155.31,156.15,33751000
2019-01-22,155.74,156.06,151.97,152.65,30394000
2019-01-23,153.49,154.48,151.05,153.26,23130600
2019-01-24,153.45,153.82,151.09,152.05,25441500
2019-01-25,154.82,157.45,153.66,157.09,33535500
2019-01-28,155.12,155.66,153,155.63,26192100
2019-01-29,155.58,157.45,153.45,154.02,41587200
2019-01-30,162.55,165.44,159.55,164.54,61109800
2019-01-31,165.4,168.28,163.86,165.73,40739600
2019-02-01,166.25,168.26,165.22,165.81,32668100
2019-02-04,166.7,170.93,166.57,170.52,31495500
2019-02-05,172.12,174.33,171.61,173.44,36101600
2019-02-06,173.9,174.82,172.11,173.5,28239600
2019-02-07,171.66,173.2,169.61,170.21,31741700
2019-02-08,168.99,170.66,168.42,170.41,23820000
2019-02-11,171.05,171.21,169.25,169.43,20993400
2019-02-12,170.1,171,169.7,170.89,22283500
2019-02-13,171.39,172.48,169.92,170.18,22490200
2019-02-14,169.71,171.26,169.38,170.8,21835700
2019-02-15,171.25,171.7,169.75,170.42,24626800
2019-02-19,169.71,171.44,169.49,170.93,18972800
2019-02-20,171.19,173.32,170.99,172.03,26114400
2019-02-21,171.8,172.37,170.3,171.06,17249700
2019-02-22,171.58,173,171.38,172.97,18913200
2019-02-25,174.16,175.87,173.95,174.23,21873400
2019-02-26,173.71,175.3,173.17,174.33,17070200
2019-02-27,173.21,175,172.73,174.87,27835400
2019-02-28,174.32,174.91,172.92,173.15,28215400
2019-03-01,174.28,175.15,172.89,174.97,25886200
2019-03-04,175.69,177.75,173.97,175.85,27436200
2019-03-05,175.94,176,174.54,175.53,19737400
2019-03-06,174.67,175.49,173.94,174.52,20810400
2019-03-07,173.87,174.44,172.02,172.5,24760900
2019-03-08,170.32,173.07,169.5,172.91,23999400
2019-03-11,175.49,179.12,175.35,178.9,32011000
2019-03-12,180,182.67,179.37,180.91,32467600
2019-03-13,182.25,183.3,180.92,181.71,31032500
2019-03-14,183.9,184.1,182.56,183.73,23579500
2019-03-15,184.85,187.33,183.74,186.12,39042900
2019-03-18,185.8,188.39,185.79,188.02,26219800
2019-03-19,188.35,188.99,185.92,186.53,31646400
2019-03-20,186.23,189.49,184.73,188.16,31035200
2019-03-21,190.02,196.33,189.81,195.09,51034200
2019-03-22,195.34,197.69,190.78,191.05,42407700
2019-03-25,191.51,191.98,186.6,188.74,43845300
2019-03-26,191.66,192.88,184.58,186.79,49800500
2019-03-27,188.75,189.76,186.55,188.47,29848400
2019-03-28,188.95,189.56,187.53,188.72,20780400
2019-03-29,189.83,190.08,188.54,189.95,23564000
2019-04-01,191.64,191.68,188.38,191.24,27862000
2019-04-02,191.09,194.46,191.05,194.02,22765700
2019-04-03,193.25,196.5,193.15,195.35,23271800
2019-04-04,194.79,196.37,193.14,195.69,19114300
2019-04-05,196.45,197.1,195.93,197,18526600
2019-04-08,196.42,200.23,196.34,200.1,25881700
2019-04-09,200.32,202.85,199.23,199.5,35768200
2019-04-10,198.68,200.74,198.18,200.62,21695300
2019-04-11,200.85,201,198.44,198.95,20900800
2019-04-12,199.2,200.14,196.21,198.87,27760700
2019-04-15,198.58,199.85,198.01,199.23,17536600
2019-04-16,199.46,201.37,198.56,199.25,25696400
2019-04-17,199.54,203.38,198.61,203.13,28906800
2019-04-18,203.12,204.15,202.52,203.86,24195800
2019-04-22,202.83,204.94,202.34,204.53,19439500
2019-04-23,204.43,207.75,203.9,207.48,23323000
2019-04-24,207.36,208.48,207.05,207.16,17540600
2019-04-25,206.83,207.76,205.12,205.28,18543200
2019-04-26,204.9,205,202.12,204.3,18649100
2019-04-29,204.4,205.97,203.86,204.61,22204700
2019-04-30,203.06,203.4,199.11,200.67,46534900
2019-05-01,209.88,215.31,209.23,210.52,64827300
2019-05-02,209.84,212.65,208.13,209.15,31996300
2019-05-03,210.89,211.84,210.23,211.75,20857500